Название кампании	Название группы	Фраза (с минус-словами)	Заголовок 1	Заголовок 2	Текст	Ссылка	Отображаемая ссылка	Регион
Somanatha — Ведические Артефакты	Янтры — Общие		Священные Янтры из Меди	Изготовлены в Мухурту	Ведические янтры из меди 0,8 мм. Изготовление в благоприятное время. От 1500 руб.	https://somanatha.ru/catalog/yantras	янтры	Россия
Somanatha — Ведические Артефакты	Янтры — Общие	янтра						Россия
Somanatha — Ведические Артефакты	Янтры — Общие	янтры						Россия
Somanatha — Ведические Артефакты	Янтры — Общие	что такое янтра						Россия
Somanatha — Ведические Артефакты	Янтры — Общие	янтра значение						Россия
Somanatha — Ведические Артефакты	Янтры — Общие	священная янтра						Россия
Somanatha — Ведические Артефакты	Янтры — Общие	янтра для медитации						Россия
Somanatha — Ведические Артефакты	Янтры — Общие	ведическая янтра						Россия
Somanatha — Ведические Артефакты	Янтры — Общие	янтра на медь						Россия
Somanatha — Ведические Артефакты	Янтры — Общие	медная янтра						Россия
Somanatha — Ведические Артефакты	Янтры — Общие	"янтры купить"						Россия
Somanatha — Ведические Артефакты	Янтры — Общие	"янтра из меди"						Россия
Somanatha — Ведические Артефакты	Янтры — Купить		Купить Янтру из Меди	От 1 500 руб - Отправка по РФ	Подлинные ведические янтры ручной работы. Медь, латунь, сталь. Надёжная упаковка.	https://somanatha.ru/catalog/yantras	купить-янтры	Россия
Somanatha — Ведические Артефакты	Янтры — Купить	купить янтру						Россия
Somanatha — Ведические Артефакты	Янтры — Купить	купить янтры						Россия
Somanatha — Ведические Артефакты	Янтры — Купить	янтра купить						Россия
Somanatha — Ведические Артефакты	Янтры — Купить	янтра заказать						Россия
Somanatha — Ведические Артефакты	Янтры — Купить	янтра интернет магазин						Россия
Somanatha — Ведические Артефакты	Янтры — Купить	янтра из меди купить						Россия
Somanatha — Ведические Артефакты	Янтры — Купить	медная янтра купить						Россия
Somanatha — Ведические Артефакты	Янтры — Купить	купить янтру шива						Россия
Somanatha — Ведические Артефакты	Янтры — Купить	купить янтру нарасимха						Россия
Somanatha — Ведические Артефакты	Янтры — Купить	купить янтру шукра						Россия
Somanatha — Ведические Артефакты	Янтры — Купить	"купить янтру из меди"						Россия
Somanatha — Ведические Артефакты	Янтры — Купить	"купить ведическую янтру"						Россия
Somanatha — Ведические Артефакты	Янтры — Купить	"заказать янтру"						Россия
Somanatha — Ведические Артефакты	Ведическая астрология и Васту		Ведический Магазин Somanatha	Янтры и Кавача и Амулеты	Священные предметы для духовной практики и защиты. Отправка 1-3 раб. дня по РФ.	https://somanatha.ru/catalog	каталог	Россия
Somanatha — Ведические Артефакты	Ведическая астрология и Васту	ведический магазин						Россия
Somanatha — Ведические Артефакты	Ведическая астрология и Васту	ведические товары						Россия
Somanatha — Ведические Артефакты	Ведическая астрология и Васту	ведические артефакты						Россия
Somanatha — Ведические Артефакты	Ведическая астрология и Васту	васту янтра						Россия
Somanatha — Ведические Артефакты	Ведическая астрология и Васту	васту для дома						Россия
Somanatha — Ведические Артефакты	Ведическая астрология и Васту	васту коррекция						Россия
Somanatha — Ведические Артефакты	Ведическая астрология и Васту	предметы для духовной практики						Россия
Somanatha — Ведические Артефакты	Ведическая астрология и Васту	джйотиш янтра						Россия
Somanatha — Ведические Артефакты	Ведическая астрология и Васту	ведический амулет						Россия
Somanatha — Ведические Артефакты	Ведическая астрология и Васту	товары для медитации						Россия
Somanatha — Ведические Артефакты	Ведическая астрология и Васту	"ведический магазин купить"						Россия
Somanatha — Ведические Артефакты	Ведическая астрология и Васту	"васту янтра купить"						Россия
Somanatha — Ведические Артефакты	Кавача и Амулеты		Кавача - Ведические Амулеты	Защита и Благополучие	Защитные амулеты и кулоны со священными мантрами. Ручная работа. Отправка по РФ.	https://somanatha.ru/catalog/kavacha	кавача	Россия
Somanatha — Ведические Артефакты	Кавача и Амулеты	кавача						Россия
Somanatha — Ведические Артефакты	Кавача и Амулеты	кавача амулет						Россия
Somanatha — Ведические Артефакты	Кавача и Амулеты	кавача купить						Россия
Somanatha — Ведические Артефакты	Кавача и Амулеты	ведический амулет купить						Россия
Somanatha — Ведические Артефакты	Кавача и Амулеты	защитный амулет ведический						Россия
Somanatha — Ведические Артефакты	Кавача и Амулеты	талисман для защиты						Россия
Somanatha — Ведические Артефакты	Кавача и Амулеты	маха мритьюнджая кулон						Россия
Somanatha — Ведические Артефакты	Кавача и Амулеты	дханвантари браслет						Россия
Somanatha — Ведические Артефакты	Кавача и Амулеты	амулет для здоровья						Россия
Somanatha — Ведические Артефакты	Кавача и Амулеты	оберег ведический						Россия
Somanatha — Ведические Артефакты	Кавача и Амулеты	"кавача купить"						Россия
Somanatha — Ведические Артефакты	Кавача и Амулеты	"ведический амулет"						Россия
Somanatha — Ведические Артефакты	Планетарные Янтры		Планетарные Янтры - Медь	Раху, Кету, Сатурн, Шукра	Янтры для гармонизации влияния планет. Медь 0,8 мм. Изготовление в Мухурту.	https://somanatha.ru/catalog/yantras	планеты	Россия
Somanatha — Ведические Артефакты	Планетарные Янтры	янтра раху						Россия
Somanatha — Ведические Артефакты	Планетарные Янтры	янтра кету						Россия
Somanatha — Ведические Артефакты	Планетарные Янтры	янтра сатурн						Россия
Somanatha — Ведические Артефакты	Планетарные Янтры	янтра юпитер						Россия
Somanatha — Ведические Артефакты	Планетарные Янтры	янтра венера						Россия
Somanatha — Ведические Артефакты	Планетарные Янтры	янтра шукра						Россия
Somanatha — Ведические Артефакты	Планетарные Янтры	планетарная янтра						Россия
Somanatha — Ведические Артефакты	Планетарные Янтры	янтра навахара						Россия
Somanatha — Ведические Артефакты	Планетарные Янтры	янтра для удачи						Россия
Somanatha — Ведические Артефакты	Планетарные Янтры	янтра для денег						Россия
Somanatha — Ведические Артефакты	Планетарные Янтры	янтра для здоровья						Россия
Somanatha — Ведические Артефакты	Планетарные Янтры	янтра для любви						Россия
Somanatha — Ведические Артефакты	Планетарные Янтры	"янтра раху купить"						Россия
Somanatha — Ведические Артефакты	Планетарные Янтры	"янтра для денег купить"						Россия
Somanatha — Ведические Артефакты	Бренд Соманатха		Соманатха - Ведический Магазин	Янтры и Кавача	Официальный сайт. Янтры из меди и латуни. Кавача с мантрами. Отправка по РФ.	https://somanatha.ru		Россия
Somanatha — Ведические Артефакты	Бренд Соманатха	"соманатха"						Россия
Somanatha — Ведические Артефакты	Бренд Соманатха	"somanatha"						Россия
Somanatha — Ведические Артефакты	Бренд Соманатха	"somanatha.ru"						Россия
Somanatha — Ведические Артефакты	Бренд Соманатха	соманатха магазин						Россия
Somanatha — Ведические Артефакты	Бренд Соманатха	соманатха янтры						Россия
Somanatha — Ведические Артефакты	Бренд Соманатха	somanatha shop						Россия
Somanatha — Ведические Артефакты	Конкурентные запросы		Ведические Янтры и Кавача	Медь - Изготовлены в Мухурту	Подлинные ведические артефакты из меди. Отправка по РФ 1-3 раб. дня. somanatha.ru	https://somanatha.ru/catalog	каталог	Россия
Somanatha — Ведические Артефакты	Конкурентные запросы	галерея лакшми янтры						Россия
Somanatha — Ведические Артефакты	Конкурентные запросы	laxmi.ru янтра						Россия
Somanatha — Ведические Артефакты	Конкурентные запросы	стоп карма кавача						Россия
Somanatha — Ведические Артефакты	Конкурентные запросы	stopkarma кавача						Россия
Somanatha — Ведические Артефакты	Конкурентные запросы	добрый магазин кавача						Россия
Somanatha — Ведические Артефакты	Конкурентные запросы	щедрый ганеша янтра						Россия
Somanatha — Ведические Артефакты	Конкурентные запросы	myindia янтра						Россия
Somanatha — Ведические Артефакты	Конкурентные запросы	kindao янтра						Россия
Somanatha — Ведические Артефакты	Конкурентные запросы	okguru янтра						Россия